843276,퍼펙트 터틀넥 니트 티셔츠 블랙,https://www.musinsa.com/app/goods/843276?loc=goods_rank,https://image.msscdn.net/images/goods_img/20180830/843276/843276_1_125.jpg,이에스엔,캐주얼
2289480,[SET] (긴바지 OR 반바지 선택) CGP 서클 로고 하프집업 맨투맨 셋업_멜란지그레이,https://www.musinsa.com/app/goods/2289480?loc=goods_rank,https://image.msscdn.net/images/goods_img/20180830/843276/843276_1_125.jpg,코드그라피,스포티
3579446,(22FW)(5 COLOR) 코튼 워셔블 하프 반집업 니트,https://www.musinsa.com/app/goods/3579446?loc=goods_rank,https://image.msscdn.net/images/goods_img/20180830/843276/843276_1_125.jpg,키뮤어,캐주얼
2086653,레이어드 크루 넥 반팔 티셔츠_일반 기장 [화이트],https://www.musinsa.com/app/goods/2086653?loc=goods_rank,https://image.msscdn.net/images/goods_img/20180830/843276/843276_1_125.jpg,무신사 스탠다드,캐주얼
3034895,Velour Soccer Jersey Black,https://www.musinsa.com/app/goods/3034895?loc=goods_rank,https://image.msscdn.net/images/goods_img/20180830/843276/843276_1_125.jpg,스컬프터,스트릿
2329895,RESEARCH HOODIE [KHAKI],https://www.musinsa.com/app/goods/2329895?loc=goods_rank,https://image.msscdn.net/images/goods_img/20180830/843276/843276_1_125.jpg,비바스튜디오,캐주얼
2314616,에센셜 후드 스웻 셔츠 (MELANGE GREY),https://www.musinsa.com/app/goods/2314616?loc=goods_rank,https://image.msscdn.net/images/goods_img/20180830/843276/843276_1_125.jpg,토피,캐주얼
2990516,RV_OUR 1989 후드 (STHSTD-0004),https://www.musinsa.com/app/goods/2990516?loc=goods_rank,https://image.msscdn.net/images/goods_img/20180830/843276/843276_1_125.jpg,1989스탠다드,캐주얼
1558847,[리뉴얼] 하프 터틀넥 니트 세트,https://www.musinsa.com/app/goods/1558847?loc=goods_rank,https://image.msscdn.net/images/goods_img/20180830/843276/843276_1_125.jpg,수아레,캐주얼
3460538,Bow Bow Hoodie Charcoal,https://www.musinsa.com/app/goods/3460538?loc=goods_rank,https://image.msscdn.net/images/goods_img/20180830/843276/843276_1_125.jpg,스컬프터,스트릿
2723764,[리뉴얼] 하찌 카라 투웨이 집업 니트 - 4 COLOR,https://www.musinsa.com/app/goods/2723764?loc=goods_rank,https://image.msscdn.net/images/goods_img/20180830/843276/843276_1_125.jpg,수아레,캐주얼
3465171,(7 COLOR) 소프트 텍스쳐 세미 오버핏 데일리 니트,https://www.musinsa.com/app/goods/3465171?loc=goods_rank,https://image.msscdn.net/images/goods_img/20180830/843276/843276_1_125.jpg,키뮤어,캐주얼
1817394,[3-PACK]베이직 트래블러 피그먼트 스웨트셔츠,https://www.musinsa.com/app/goods/1817394?loc=goods_rank,https://image.msscdn.net/images/goods_img/20180830/843276/843276_1_125.jpg,트래블,스포티
2139775,소프트 필링 세미오버 라운드 니트 초코브라운,https://www.musinsa.com/app/goods/2139775?loc=goods_rank,https://image.msscdn.net/images/goods_img/20180830/843276/843276_1_125.jpg,미니멀코드,미니멀
2775713,워셔블 하프 집업 카라넥 하찌 니트 (PURE BLACK),https://www.musinsa.com/app/goods/2775713?loc=goods_rank,https://image.msscdn.net/images/goods_img/20180830/843276/843276_1_125.jpg,트릴리온,캐주얼
2757451,[니티드X깡스타일리스트] 코튼 미니멀 라운드 니트 BLACK,https://www.musinsa.com/app/goods/2757451?loc=goods_rank,https://image.msscdn.net/images/goods_img/20180830/843276/843276_1_125.jpg,니티드,미니멀
2213670,[기모] Winter Hoooly 자수 후드 크림,https://www.musinsa.com/app/goods/2213670?loc=goods_rank,https://image.msscdn.net/images/goods_img/20180830/843276/843276_1_125.jpg,꼼파뇨,캐주얼
3727680,[SET] THUNDER 브러쉬드 니트 2PACK,https://www.musinsa.com/app/goods/3727680?loc=goods_rank,https://image.msscdn.net/images/goods_img/20180830/843276/843276_1_125.jpg,슈퍼서브,캐주얼
1582356,980G 피그먼트 맨투맨-챠콜-,https://www.musinsa.com/app/goods/1582356?loc=goods_rank,https://image.msscdn.net/images/goods_img/20180830/843276/843276_1_125.jpg,소버먼트,캐주얼
1191407,램스울 크루넥 오버 니트 (블랙),https://www.musinsa.com/app/goods/1191407?loc=goods_rank,https://image.msscdn.net/images/goods_img/20180830/843276/843276_1_125.jpg,테이크이지,캐주얼
2149254,베이식 긴팔 티셔츠 2팩,https://www.musinsa.com/app/goods/2149254?loc=goods_rank,https://image.msscdn.net/images/goods_img/20180830/843276/843276_1_125.jpg,무신사 스탠다드,캐주얼
2877493,크래킹 스냅 레글런 후드티 블랙,https://www.musinsa.com/app/goods/2877493?loc=goods_rank,https://image.msscdn.net/images/goods_img/20180830/843276/843276_1_125.jpg,꼼파뇨,캐주얼
3540248,T-Logo Hoodie Heather Grey,https://www.musinsa.com/app/goods/3540248?loc=goods_rank,https://image.msscdn.net/images/goods_img/20180830/843276/843276_1_125.jpg,디스이즈네버댓,스트릿
2043056,[SET] (맨투맨 OR 후드 선택) CGP 아치 로고 트레이닝 셋업_네이비,https://www.musinsa.com/app/goods/2043056?loc=goods_rank,https://image.msscdn.net/images/goods_img/20180830/843276/843276_1_125.jpg,코드그라피,스포티
2105452,980G 피그먼트 컷 후드-차콜-,https://www.musinsa.com/app/goods/2105452?loc=goods_rank,https://image.msscdn.net/images/goods_img/20180830/843276/843276_1_125.jpg,소버먼트,캐주얼
2723767,데일리 라운드 니트 - 8 COLOR,https://www.musinsa.com/app/goods/2723767?loc=goods_rank,https://image.msscdn.net/images/goods_img/20180830/843276/843276_1_125.jpg,수아레,캐주얼
2990463,SMALL CENTER 후드 (STHSTD-0015),https://www.musinsa.com/app/goods/2990463?loc=goods_rank,https://image.msscdn.net/images/goods_img/20180830/843276/843276_1_125.jpg,1989스탠다드,캐주얼
3539176,워셔블 투 톤 크루넥 그래픽 니트 (BLACK),https://www.musinsa.com/app/goods/3539176?loc=goods_rank,https://image.msscdn.net/images/goods_img/20180830/843276/843276_1_125.jpg,트릴리온,캐주얼
3650001,릴리 부클 니트 스웨터_차콜,https://www.musinsa.com/app/goods/3650001?loc=goods_rank,https://image.msscdn.net/images/goods_img/20180830/843276/843276_1_125.jpg,파르티멘토 우먼,캐주얼
2702396,코튼 워셔블 하찌 하프집업 니트_6 COLOR,https://www.musinsa.com/app/goods/2702396?loc=goods_rank,https://image.msscdn.net/images/goods_img/20180830/843276/843276_1_125.jpg,키뮤어,캐주얼
1710327,크루넥 리브 니트 스웨터_블랙,https://www.musinsa.com/app/goods/1710327?loc=goods_rank,https://image.msscdn.net/images/goods_img/20180830/843276/843276_1_125.jpg,블론드나인,캐주얼
2889732,남성 라운드 넥 니트 - 다크그린멜란지 / SI1GP0001S18064695F,https://www.musinsa.com/app/goods/2889732?loc=goods_rank,https://image.msscdn.net/images/goods_img/20180830/843276/843276_1_125.jpg,메종 마르지엘라,미니멀
2139144,[드로우핏X깡스타일리스트] 터틀넥 니트 티셔츠 SET,https://www.musinsa.com/app/goods/2139144?loc=goods_rank,https://image.msscdn.net/images/goods_img/20180830/843276/843276_1_125.jpg,드로우핏,미니멀
2058188,TAG HOODIE - BLACK,https://www.musinsa.com/app/goods/2058188?loc=goods_rank,https://image.msscdn.net/images/goods_img/20180830/843276/843276_1_125.jpg,브라운브레스,스트릿
1736058,램스울 크루넥 오버 니트 (헤더블루),https://www.musinsa.com/app/goods/1736058?loc=goods_rank,https://image.msscdn.net/images/goods_img/20180830/843276/843276_1_125.jpg,테이크이지,캐주얼
1615829,로그 오버핏 기모 후드 그레이 YHHD2302,https://www.musinsa.com/app/goods/1615829?loc=goods_rank,https://image.msscdn.net/images/goods_img/20180830/843276/843276_1_125.jpg,제멋,캐주얼
3544148,[2PACK] EL 스트리트 아트워크 오버핏 후드티 2종 패키지,https://www.musinsa.com/app/goods/3544148?loc=goods_rank,https://image.msscdn.net/images/goods_img/20180830/843276/843276_1_125.jpg,엘리메노,스트릿
2990274,SMALL CENTER 맨투맨 (STMSTD-0015),https://www.musinsa.com/app/goods/2990274?loc=goods_rank,https://image.msscdn.net/images/goods_img/20180830/843276/843276_1_125.jpg,1989스탠다드,캐주얼
3504362,남성 오버사이즈 후드 - 블랙 / J22GU0111J20058001,https://www.musinsa.com/app/goods/3504362?loc=goods_rank,https://image.msscdn.net/images/goods_img/20180830/843276/843276_1_125.jpg,질 샌더,미니멀
3496115,[FULL PACKAGE] 릴렉스 핏 하프 집업 니트 [2PACK],https://www.musinsa.com/app/goods/3496115?loc=goods_rank,https://image.msscdn.net/images/goods_img/20180830/843276/843276_1_125.jpg,어게인스트 올 오즈,캐주얼
3083790,아크 롤링 오버핏 기모 후드 5종 네이비 SOHD2469,https://www.musinsa.com/app/goods/3083790?loc=goods_rank,https://image.msscdn.net/images/goods_img/20180830/843276/843276_1_125.jpg,제멋,캐주얼
2722805,TAG HOODIE - BURGUNDY,https://www.musinsa.com/app/goods/2722805?loc=goods_rank,https://image.msscdn.net/images/goods_img/20180830/843276/843276_1_125.jpg,브라운브레스,스트릿
1629142,미니멀 모크 넥 니트 [블랙],https://www.musinsa.com/app/goods/1629142?loc=goods_rank,https://image.msscdn.net/images/goods_img/20180830/843276/843276_1_125.jpg,무신사 스탠다드,캐주얼
2302478,[UNISEX]스몰 드로잉스마일 후드티_블랙,https://www.musinsa.com/app/goods/2302478?loc=goods_rank,https://image.msscdn.net/images/goods_img/20180830/843276/843276_1_125.jpg,그레이버,캐주얼
1628939,미니멀 크루 넥 니트 [블랙],https://www.musinsa.com/app/goods/1628939?loc=goods_rank,https://image.msscdn.net/images/goods_img/20180830/843276/843276_1_125.jpg,무신사 스탠다드,캐주얼
606067,소프트코튼 드랍숄더 와플 니트 BLACK,https://www.musinsa.com/app/goods/606067?loc=goods_rank,https://image.msscdn.net/images/goods_img/20180830/843276/843276_1_125.jpg,니티드,미니멀
876284,[블랙]SET B-스테디 하프 폴라넥,https://www.musinsa.com/app/goods/876284?loc=goods_rank,https://image.msscdn.net/images/goods_img/20180830/843276/843276_1_125.jpg,필루미네이트,스트릿
3736920,퍼피 아가일 니트 레드,https://www.musinsa.com/app/goods/3736920?loc=goods_rank,https://image.msscdn.net/images/goods_img/20180830/843276/843276_1_125.jpg,와이케이,캐주얼 
2913659,오버핏 그래피티 로고 후디-블랙,https://www.musinsa.com/app/goods/2913659?loc=goods_rank,https://image.msscdn.net/images/goods_img/20180830/843276/843276_1_125.jpg,필루미네이트,스트릿
3411311,빅스타 후드티,https://www.musinsa.com/app/goods/3411311?loc=goods_rank,https://image.msscdn.net/images/goods_img/20180830/843276/843276_1_125.jpg,크로스드레슬리,스포티
3576011,[패키지] 노마드 투톤 카라 맨투맨 5종 2PACK HYMT4526,https://www.musinsa.com/app/goods/3576011?loc=goods_rank,https://image.msscdn.net/images/goods_img/20180830/843276/843276_1_125.jpg,퍼스텝,캐주얼
2144379,[SET] 로럴골든 후드티 조거팬츠 셋업_(8color),https://www.musinsa.com/app/goods/2144379?loc=goods_rank,https://image.msscdn.net/images/goods_img/20180830/843276/843276_1_125.jpg,게인스보로,캐주얼
3611966,[ Hairy-Soft]코지 아란 피셔맨 케이블 니트_11 COLOR COOSKT050,https://www.musinsa.com/app/goods/3611966?loc=goods_rank,https://image.msscdn.net/images/goods_img/20180830/843276/843276_1_125.jpg,커스텀어클락,미니멀
3495046,하이넥 워셔블 핑거홀 가디건 - 4 COLOR,https://www.musinsa.com/app/goods/3495046?loc=goods_rank,https://image.msscdn.net/images/goods_img/20180830/843276/843276_1_125.jpg,수아레,캐주얼
2139133,[드로우핏X깡스타일리스트] 모크넥 니트 티셔츠 SET,https://www.musinsa.com/app/goods/2139133?loc=goods_rank,https://image.msscdn.net/images/goods_img/20180830/843276/843276_1_125.jpg,드로우핏,미니멀
2996536,데일리 바이오 셔츠 - 10 COLOR,https://www.musinsa.com/app/goods/2996536?loc=goods_rank,https://image.msscdn.net/images/goods_img/20180830/843276/843276_1_125.jpg,수아레,캐주얼
2990499,AUTHENTIC 후드 (STHSTD-0007),https://www.musinsa.com/app/goods/2990499?loc=goods_rank,https://image.msscdn.net/images/goods_img/20180830/843276/843276_1_125.jpg,1989스탠다드,캐주얼
2186292,[2PACK] 베이식 무지 레이어드 반팔 티셔츠 일반 기장,https://www.musinsa.com/app/goods/2186292?loc=goods_rank,https://image.msscdn.net/images/goods_img/20180830/843276/843276_1_125.jpg,프린트스타,스포티
3511387,쓰리 스타즈 로고 니트 후디_아이보리(NG2DFUK610A),https://www.musinsa.com/app/goods/3511387?loc=goods_rank,https://image.msscdn.net/images/goods_img/20180830/843276/843276_1_125.jpg,나이스고스트클럽,스트릿
3052520,램스울 크루넥 오버 니트 (애플레드),https://www.musinsa.com/app/goods/3052520?loc=goods_rank,https://image.msscdn.net/images/goods_img/20180830/843276/843276_1_125.jpg,테이크이지,캐주얼
3523309,Flashed Cats Angora Knit -[WHITE],https://www.musinsa.com/app/goods/3523309?loc=goods_rank,https://image.msscdn.net/images/goods_img/20180830/843276/843276_1_125.jpg,에이이에이이,스트릿
2970541,피치스킨 러스티 로고 스웨트셔츠 [블랙],https://www.musinsa.com/app/goods/2970541?loc=goods_rank,https://image.msscdn.net/images/goods_img/20180830/843276/843276_1_125.jpg,슬로우애시드,스트릿
2913656,오버핏 그래피티 로고 후디-멜란지그레이,https://www.musinsa.com/app/goods/2913656?loc=goods_rank,https://image.msscdn.net/images/goods_img/20180830/843276/843276_1_125.jpg,필루미네이트,스트릿
2106707,슬레이크 후드 네이비 HHHD3397,https://www.musinsa.com/app/goods/2106707?loc=goods_rank,https://image.msscdn.net/images/goods_img/20180830/843276/843276_1_125.jpg,티떠블유엔,캐주얼
3463299,(23FW) 2 TONE ARCH HOODIE BLACK,https://www.musinsa.com/app/goods/3463299?loc=goods_rank,https://image.msscdn.net/images/goods_img/20180830/843276/843276_1_125.jpg,예일,캐주얼
1382658,레이어드 크루 넥 반팔 티셔츠_긴 기장 [화이트],https://www.musinsa.com/app/goods/1382658?loc=goods_rank,https://image.msscdn.net/images/goods_img/20180830/843276/843276_1_125.jpg,무신사 스탠다드,캐주얼
2085363,헤이즈 오버핏 스웨트셔츠 [쭈리/기모] 블랙 KJMT2369 / KJMT2400,https://www.musinsa.com/app/goods/2085363?loc=goods_rank,https://image.msscdn.net/images/goods_img/20180830/843276/843276_1_125.jpg,제멋,캐주얼
2705733,레이어드 크루 넥 긴팔 티셔츠_일반 기장 [화이트],https://www.musinsa.com/app/goods/2705733?loc=goods_rank,https://image.msscdn.net/images/goods_img/20180830/843276/843276_1_125.jpg,무신사 스탠다드,캐주얼
3481897,캐시팝 트위드 크루넥 니트 (차콜그레이),https://www.musinsa.com/app/goods/3481897?loc=goods_rank,https://image.msscdn.net/images/goods_img/20180830/843276/843276_1_125.jpg,쿠어,미니멀
3679172,EMBROIDERY UNIVERSITY DAN HOODIE GRAY,https://www.musinsa.com/app/goods/3679172?loc=goods_rank,https://image.msscdn.net/images/goods_img/20180830/843276/843276_1_125.jpg,예일,캐주얼
2302738,TAG HOODIE - NAVY,https://www.musinsa.com/app/goods/2302738?loc=goods_rank,https://image.msscdn.net/images/goods_img/20180830/843276/843276_1_125.jpg,브라운브레스,스트릿
2970544,피치스킨 러스티 로고 스웨트셔츠 [딥블루],https://www.musinsa.com/app/goods/2970544?loc=goods_rank,https://image.msscdn.net/images/goods_img/20180830/843276/843276_1_125.jpg,슬로우애시드,스트릿
843275,퍼펙트 터틀넥 니트 티셔츠 오프 화이트,https://www.musinsa.com/app/goods/843275?loc=goods_rank,https://image.msscdn.net/images/goods_img/20180830/843276/843276_1_125.jpg,이에스엔,캐주얼
3465118,BLACK PLANET 자카드 니트[IVORY],https://www.musinsa.com/app/goods/3465118?loc=goods_rank,https://image.msscdn.net/images/goods_img/20180830/843276/843276_1_125.jpg,벤힛,스트릿
1736037,램스울 크루넥 오버 니트 (아이보리),https://www.musinsa.com/app/goods/1736037?loc=goods_rank,https://image.msscdn.net/images/goods_img/20180830/843276/843276_1_125.jpg,테이크이지,캐주얼
3640947,워셔블 아란 케이블 후드 집업 니트 (IVORY),https://www.musinsa.com/app/goods/3640947?loc=goods_rank,https://image.msscdn.net/images/goods_img/20180830/843276/843276_1_125.jpg,트릴리온,캐주얼
645611,하프 폴라 니트 티셔츠 블랙,https://www.musinsa.com/app/goods/645611?loc=goods_rank,https://image.msscdn.net/images/goods_img/20180830/843276/843276_1_125.jpg,이에스엔,캐주얼
2163932,(23FW) [ONEMILE WEAR] SMALL ARCH CREWNECK NAVY,https://www.musinsa.com/app/goods/2163932?loc=goods_rank,https://image.msscdn.net/images/goods_img/20180830/843276/843276_1_125.jpg,예일,캐주얼
3548466,부클레 오버핏 헨리넥 니트_Taupe Beige,https://www.musinsa.com/app/goods/3548466?loc=goods_rank,https://image.msscdn.net/images/goods_img/20180830/843276/843276_1_125.jpg,라퍼지스토어,캐주얼
996177,릴렉스 핏 크루 넥 반팔 티셔츠 [화이트],https://www.musinsa.com/app/goods/996177?loc=goods_rank,https://image.msscdn.net/images/goods_img/20180830/843276/843276_1_125.jpg,무신사 스탠다드,캐주얼
3618980,BASIC PULLOVER KNIT BURGUNDY,https://www.musinsa.com/app/goods/3618980?loc=goods_rank,https://image.msscdn.net/images/goods_img/20180830/843276/843276_1_125.jpg,아메스 월드와이드,스트릿
2731239,Masterpiece Sheer Top Black,https://www.musinsa.com/app/goods/2731239?loc=goods_rank,https://image.msscdn.net/images/goods_img/20180830/843276/843276_1_125.jpg,스컬프터,스트릿
3303549,Old Father Sweater (Cream),https://www.musinsa.com/app/goods/3303549?loc=goods_rank,https://image.msscdn.net/images/goods_img/20180830/843276/843276_1_125.jpg,시엔느,캐주얼
3483357,여성 스몰 하트 로고 래글런 맨투맨 - 그레이 / BFUSW005747055,https://www.musinsa.com/app/goods/3483357?loc=goods_rank,https://image.msscdn.net/images/goods_img/20180830/843276/843276_1_125.jpg,아미,미니멀
1574201,TAG HOODIE - ASH,https://www.musinsa.com/app/goods/1574201?loc=goods_rank,https://image.msscdn.net/images/goods_img/20180830/843276/843276_1_125.jpg,브라운브레스,스트릿
3494349,[FULL PACKAGE] 에센셜 크루넥 리브 오버핏 니트 [2PACK],https://www.musinsa.com/app/goods/3494349?loc=goods_rank,https://image.msscdn.net/images/goods_img/20180830/843276/843276_1_125.jpg,어게인스트 올 오즈,캐주얼
3463298,(23FW) 2 TONE ARCH HOODIE GRAY,https://www.musinsa.com/app/goods/3463298?loc=goods_rank,https://image.msscdn.net/images/goods_img/20180830/843276/843276_1_125.jpg,예일,캐주얼
3498319,오버핏 하찌 니트 - 8 COLOR [ONE OR TWO],https://www.musinsa.com/app/goods/3498319?loc=goods_rank,https://image.msscdn.net/images/goods_img/20180830/843276/843276_1_125.jpg,어게인스트 올 오즈,캐주얼
2995119,컬러 배색 1992 그래픽 후드 (NAVY),https://www.musinsa.com/app/goods/2995119?loc=goods_rank,https://image.msscdn.net/images/goods_img/20180830/843276/843276_1_125.jpg,트릴리온,캐주얼
2837412,소프트 울 오버핏 풀오버 라운드 니트 7컬러,https://www.musinsa.com/app/goods/2837412?loc=goods_rank,https://image.msscdn.net/images/goods_img/20180830/843276/843276_1_125.jpg,플레이스 스튜디오,캐주얼
2037173,베이직 푸퍼_SPJPD4TC11,https://www.musinsa.com/app/goods/2037173?loc=goods_rank,https://image.msscdn.net/images/goods_img/20210722/2037173/2037173_16976143519631_125.jpg,스파오,캐주얼
2482269,NJ1DQ55A 남성 1996 에코 눕시 자켓,https://www.musinsa.com/app/goods/2482269?loc=goods_rank,https://image.msscdn.net/images/goods_img/20210722/2037173/2037173_16976143519631_125.jpg,노스페이스,스포티
655610,프리미어 퓨어 캐시미어 히든 싱글 코트 [BLACK],https://www.musinsa.com/app/goods/655610?loc=goods_rank,https://image.msscdn.net/images/goods_img/20210722/2037173/2037173_16976143519631_125.jpg,드로우핏,미니멀
3481219,벨란디 캐시미어 블렌드 발마칸 코트 (블랙),https://www.musinsa.com/app/goods/3481219?loc=goods_rank,https://image.msscdn.net/images/goods_img/20210722/2037173/2037173_16976143519631_125.jpg,쿠어,미니멀
2037167,파스텔 푸퍼_SPJPD4TG01,https://www.musinsa.com/app/goods/2037167?loc=goods_rank,https://image.msscdn.net/images/goods_img/20210722/2037173/2037173_16976143519631_125.jpg,스파오,캐주얼
452483,솔리드 무톤 자켓,https://www.musinsa.com/app/goods/452483?loc=goods_rank,https://image.msscdn.net/images/goods_img/20210722/2037173/2037173_16976143519631_125.jpg,도프제이슨,미니멀
865862,캐시미어 블렌드 오버사이즈 싱글 코트 [블랙],https://www.musinsa.com/app/goods/865862?loc=goods_rank,https://image.msscdn.net/images/goods_img/20210722/2037173/2037173_16976143519631_125.jpg,무신사 스탠다드,캐주얼
3571835,울리치 발마칸 오버 코트_Black,https://www.musinsa.com/app/goods/3571835?loc=goods_rank,https://image.msscdn.net/images/goods_img/20210722/2037173/2037173_16976143519631_125.jpg,라퍼지스토어,캐주얼
2238440,오버사이즈 멜톤 더플 롱 코트 네이비,https://www.musinsa.com/app/goods/2238440?loc=goods_rank,https://image.msscdn.net/images/goods_img/20210722/2037173/2037173_16976143519631_125.jpg,파르티멘토,캐주얼
3591569,PRIMALOFT BOA DETACHABLE SHORT PUFFER PADDING NAVY,https://www.musinsa.com/app/goods/3591569?loc=goods_rank,https://image.msscdn.net/images/goods_img/20210722/2037173/2037173_16976143519631_125.jpg,예일,캐주얼
3590467,[Woman]글로시 크롭 푸퍼 패딩_Glossy Black,https://www.musinsa.com/app/goods/3590467?loc=goods_rank,https://image.msscdn.net/images/goods_img/20210722/2037173/2037173_16976143519631_125.jpg,라퍼지 포 우먼,캐주얼
2863075,유니섹스 발마칸 더플 숏 코트 (BLACK),https://www.musinsa.com/app/goods/2863075?loc=goods_rank,https://image.msscdn.net/images/goods_img/20210722/2037173/2037173_16976143519631_125.jpg,트릴리온,캐주얼
1115974,캐시미어 더블 롱 코트 BLACK,https://www.musinsa.com/app/goods/1115974?loc=goods_rank,https://image.msscdn.net/images/goods_img/20210722/2037173/2037173_16976143519631_125.jpg,인사일런스,미니멀
2059078,씬에어(THINAIR) SUPERLITE ECO_Black,https://www.musinsa.com/app/goods/2059078?loc=goods_rank,https://image.msscdn.net/images/goods_img/20210722/2037173/2037173_16976143519631_125.jpg,케이투,스포티
1535333,[DIVO] RDS 유틸리티 덕다운 푸파 숏패딩_블랙,https://www.musinsa.com/app/goods/1535333?loc=goods_rank,https://image.msscdn.net/images/goods_img/20210722/2037173/2037173_16976143519631_125.jpg,코드그라피,스포티
2700048,우먼즈 캐시미어 블렌드 발마칸 로브 코트 [블랙],https://www.musinsa.com/app/goods/2700048?loc=goods_rank,https://image.msscdn.net/images/goods_img/20210722/2037173/2037173_16976143519631_125.jpg,무신사 스탠다드,캐주얼
3734203,NJ1DP96C 여성 눕시 숏 자켓,https://www.musinsa.com/app/goods/3734203?loc=goods_rank,https://image.msscdn.net/images/goods_img/20210722/2037173/2037173_16976143519631_125.jpg,노스페이스,스포티
3464421,남성 스틸링 다운 코트 - 블랙 / M32MP261S305,https://www.musinsa.com/app/goods/3464421?loc=goods_rank,https://image.msscdn.net/images/goods_img/20210722/2037173/2037173_16976143519631_125.jpg,무스너클,스포티
3391616,파스텔 푸퍼 (코듀로이)_SPJPD4TG02,https://www.musinsa.com/app/goods/3391616?loc=goods_rank,https://image.msscdn.net/images/goods_img/20210722/2037173/2037173_16976143519631_125.jpg,스파오,캐주얼
3598288,NC1DP51J 화이트라벨 고 프리 화이트라벨 다운 코트,https://www.musinsa.com/app/goods/3598288?loc=goods_rank,https://image.msscdn.net/images/goods_img/20210722/2037173/2037173_16976143519631_125.jpg,노스페이스,스포티
1778404,2WAY 스웻 후드 집업 (MELANGE GREY),https://www.musinsa.com/app/goods/1778404?loc=goods_rank,https://image.msscdn.net/images/goods_img/20210722/2037173/2037173_16976143519631_125.jpg,토피,캐주얼
2737279,마펠 캐시미어 발마칸 코트 BLACK,https://www.musinsa.com/app/goods/2737279?loc=goods_rank,https://image.msscdn.net/images/goods_img/20210722/2037173/2037173_16976143519631_125.jpg,인사일런스,미니멀
2704962,(23FW) WARM+ UP QUILTING JACKET BLACK,https://www.musinsa.com/app/goods/2704962?loc=goods_rank,https://image.msscdn.net/images/goods_img/20210722/2037173/2037173_16976143519631_125.jpg,예일,캐주얼
2684073,SKADI DUCK DOWN - GLOSSY BLACK,https://www.musinsa.com/app/goods/2684073?loc=goods_rank,https://image.msscdn.net/images/goods_img/20210722/2037173/2037173_16976143519631_125.jpg,노매뉴얼,스트릿
3527823,여성 울 코트 - 올리브 브라운 / CO1039LF1136BR480,https://www.musinsa.com/app/goods/3527823?loc=goods_rank,https://image.msscdn.net/images/goods_img/20210722/2037173/2037173_16976143519631_125.jpg,르메르,미니멀
2744495,헤비보아 플리스 무톤 자켓_블랙,https://www.musinsa.com/app/goods/2744495?loc=goods_rank,https://image.msscdn.net/images/goods_img/20210722/2037173/2037173_16976143519631_125.jpg,코드그라피,스포티
3613963,울리치 수티앵 칼라 오버 코트_Black,https://www.musinsa.com/app/goods/3613963?loc=goods_rank,https://image.msscdn.net/images/goods_img/20210722/2037173/2037173_16976143519631_125.jpg,라퍼지스토어,캐주얼
3549862,레이어드 패딩후드 MA-1 자켓-카키,https://www.musinsa.com/app/goods/3549862?loc=goods_rank,https://image.msscdn.net/images/goods_img/20210722/2037173/2037173_16976143519631_125.jpg,톤즈,캐주얼
2686490,베이직 다운 점퍼 아이보리,https://www.musinsa.com/app/goods/2686490?loc=goods_rank,https://image.msscdn.net/images/goods_img/20210722/2037173/2037173_16976143519631_125.jpg,리,캐주얼
3477691,EMBROIDERY DAN COLLARLESS QUILTING FLEECE JACKET IVORY,https://www.musinsa.com/app/goods/3477691?loc=goods_rank,https://image.msscdn.net/images/goods_img/20210722/2037173/2037173_16976143519631_125.jpg,예일,캐주얼
2680364,[내피분리형] US-ARMY 밀리터리 피쉬테일 후드 롱파카_카키,https://www.musinsa.com/app/goods/2680364?loc=goods_rank,https://image.msscdn.net/images/goods_img/20210722/2037173/2037173_16976143519631_125.jpg,코드그라피,스포티
3613871,윈드셀 퍼프 패딩 자켓 _Black,https://www.musinsa.com/app/goods/3613871?loc=goods_rank,https://image.msscdn.net/images/goods_img/20210722/2037173/2037173_16976143519631_125.jpg,라퍼지스토어,캐주얼
1596800,플라이트 숏다운 자켓 블랙(UO421CDJO1),https://www.musinsa.com/app/goods/1596800?loc=goods_rank,https://image.msscdn.net/images/goods_img/20210722/2037173/2037173_16976143519631_125.jpg,엄브로,스트릿
2285078,[내피분리형] US-ARMY 밀리터리 피쉬테일 후드 숏자켓_블랙,https://www.musinsa.com/app/goods/2285078?loc=goods_rank,https://image.msscdn.net/images/goods_img/20210722/2037173/2037173_16976143519631_125.jpg,코드그라피,스포티
2683529,(23FW) WARM+ UP QUILTING JACKET IVORY,https://www.musinsa.com/app/goods/2683529?loc=goods_rank,https://image.msscdn.net/images/goods_img/20210722/2037173/2037173_16976143519631_125.jpg,예일,캐주얼
3574911,N234WDW860 여성 카이만 프로 롱기장 구스 다운 점퍼 SMALL LOGO BLACK,https://www.musinsa.com/app/goods/3574911?loc=goods_rank,https://image.msscdn.net/images/goods_img/20210722/2037173/2037173_16976143519631_125.jpg,내셔널지오그래픽,스포티
3566151,엔젤 덕다운 퍼핀 숏푸퍼 블랙,https://www.musinsa.com/app/goods/3566151?loc=goods_rank,https://image.msscdn.net/images/goods_img/20210722/2037173/2037173_16976143519631_125.jpg,와릿이즌,캐주얼
3391590,라이트 자켓_SPJPD4TC01,https://www.musinsa.com/app/goods/3391590?loc=goods_rank,https://image.msscdn.net/images/goods_img/20210722/2037173/2037173_16976143519631_125.jpg,스파오,캐주얼
3535181,여 아이보리 숏랭스 스탠드 카라 푸퍼 J221163 YBI,https://www.musinsa.com/app/goods/3535181?loc=goods_rank,https://image.msscdn.net/images/goods_img/20210722/2037173/2037173_16976143519631_125.jpg,캘빈클라인 진,미니멀
3563185,파이어버드 트랙탑 - 블랙 / IJ7058,https://www.musinsa.com/app/goods/3563185?loc=goods_rank,https://image.msscdn.net/images/goods_img/20210722/2037173/2037173_16976143519631_125.jpg,아디다스,스포티
2780254,오버사이즈 발마칸 코트 BLACK,https://www.musinsa.com/app/goods/2780254?loc=goods_rank,https://image.msscdn.net/images/goods_img/20210722/2037173/2037173_16976143519631_125.jpg,인사일런스,미니멀
3542762,글로시 에코 푸퍼 숏패딩 - BLACK,https://www.musinsa.com/app/goods/3542762?loc=goods_rank,https://image.msscdn.net/images/goods_img/20210722/2037173/2037173_16976143519631_125.jpg,오드스튜디오,스트릿
3575358,(우먼) WAVE 로고 Hype 글로시 컬러링 크롭 푸퍼_8color,https://www.musinsa.com/app/goods/3575358?loc=goods_rank,https://image.msscdn.net/images/goods_img/20210722/2037173/2037173_16976143519631_125.jpg,코드그라피,스포티
3591215,PERTEX® T Down Jacket Grey,https://www.musinsa.com/app/goods/3591215?loc=goods_rank,https://image.msscdn.net/images/goods_img/20210722/2037173/2037173_16976143519631_125.jpg,디스이즈네버댓,스트릿
2723772,헤리티지 블레이저 시리즈,https://www.musinsa.com/app/goods/2723772?loc=goods_rank,https://image.msscdn.net/images/goods_img/20210722/2037173/2037173_16976143519631_125.jpg,수아레,캐주얼
1582142,에비에이터 B-3 무스탕 자켓 [블랙],https://www.musinsa.com/app/goods/1582142?loc=goods_rank,https://image.msscdn.net/images/goods_img/20210722/2037173/2037173_16976143519631_125.jpg,레프트서울,미니멀
1539383,솔리드 스웨이드 무톤 자켓 (블랙),https://www.musinsa.com/app/goods/1539383?loc=goods_rank,https://image.msscdn.net/images/goods_img/20210722/2037173/2037173_16976143519631_125.jpg,도프제이슨,미니멀
1558197,릴렉스드 베이식 블레이저 [블랙],https://www.musinsa.com/app/goods/1558197?loc=goods_rank,https://image.msscdn.net/images/goods_img/20210722/2037173/2037173_16976143519631_125.jpg,무신사 스탠다드,캐주얼
1535337,[DIVO] RDS 유틸리티 덕다운 푸파 숏패딩_쿨그레이,https://www.musinsa.com/app/goods/1535337?loc=goods_rank,https://image.msscdn.net/images/goods_img/20210722/2037173/2037173_16976143519631_125.jpg,코드그라피,스포티
3632820,여성 소매 디테쳐블 트리밍 다운,https://www.musinsa.com/app/goods/3632820?loc=goods_rank,https://image.msscdn.net/images/goods_img/20210722/2037173/2037173_16976143519631_125.jpg,데상트 골프,스포티
3536069,[Woman] 울리치 오버핏 발마칸 코트_Black,https://www.musinsa.com/app/goods/3536069?loc=goods_rank,https://image.msscdn.net/images/goods_img/20210722/2037173/2037173_16976143519631_125.jpg,라퍼지 포 우먼,캐주얼
2153567,NBNPD42913 / UNI 액티브 숏 구스 다운자켓 (BLACK),https://www.musinsa.com/app/goods/2153567?loc=goods_rank,https://image.msscdn.net/images/goods_img/20210722/2037173/2037173_16976143519631_125.jpg,뉴발란스,스포티
3589084,Hooded Down Jacket Black,https://www.musinsa.com/app/goods/3589084?loc=goods_rank,https://image.msscdn.net/images/goods_img/20210722/2037173/2037173_16976143519631_125.jpg,예스아이씨,캐주얼
3574963,N234WDW930 여성 타루가 퍼 트리밍 후디 다운 점퍼 IVORY,https://www.musinsa.com/app/goods/3574963?loc=goods_rank,https://image.msscdn.net/images/goods_img/20210722/2037173/2037173_16976143519631_125.jpg,내셔널지오그래픽,스포티
2116411,캐시미어 블렌드 오버사이즈 발마칸 코트 [블랙],https://www.musinsa.com/app/goods/2116411?loc=goods_rank,https://image.msscdn.net/images/goods_img/20210722/2037173/2037173_16976143519631_125.jpg,무신사 스탠다드,캐주얼
3378515,데일리 푸퍼 숏 패딩 재킷 [라이트 그레이],https://www.musinsa.com/app/goods/3378515?loc=goods_rank,https://image.msscdn.net/images/goods_img/20210722/2037173/2037173_16976143519631_125.jpg,무신사 스탠다드,캐주얼
1291017,리치 오버 MA-1 자켓 블랙 YHJK2269,https://www.musinsa.com/app/goods/1291017?loc=goods_rank,https://image.msscdn.net/images/goods_img/20210722/2037173/2037173_16976143519631_125.jpg,제멋,캐주얼
2684074,SKADI DUCK DOWN - MATTE BLACK,https://www.musinsa.com/app/goods/2684074?loc=goods_rank,https://image.msscdn.net/images/goods_img/20210722/2037173/2037173_16976143519631_125.jpg,노매뉴얼,스트릿
3591541,PRIMALOFT WARM UP+ SHORT PUFFER PADDING BLACK,https://www.musinsa.com/app/goods/3591541?loc=goods_rank,https://image.msscdn.net/images/goods_img/20210722/2037173/2037173_16976143519631_125.jpg,예일,캐주얼
2834585,오버핏 2-WAY 더플 후드 숏패딩_카키,https://www.musinsa.com/app/goods/2834585?loc=goods_rank,https://image.msscdn.net/images/goods_img/20210722/2037173/2037173_16976143519631_125.jpg,키뮤어,캐주얼
3578975,마펠 캐시미어 싱글 코트 BLACK,https://www.musinsa.com/app/goods/3578975?loc=goods_rank,https://image.msscdn.net/images/goods_img/20210722/2037173/2037173_16976143519631_125.jpg,인사일런스,미니멀
3660942,NJ1DP93B 여성 로프티 다운 자켓 버전 2,https://www.musinsa.com/app/goods/3660942?loc=goods_rank,https://image.msscdn.net/images/goods_img/20210722/2037173/2037173_16976143519631_125.jpg,노스페이스,스포티
2108160,베이직 퍼플리스 집업_SPFZD4TU01,https://www.musinsa.com/app/goods/2108160?loc=goods_rank,https://image.msscdn.net/images/goods_img/20210722/2037173/2037173_16976143519631_125.jpg,스파오,캐주얼
2653637,데일리 푸퍼 리버서블 플리스 숏 패딩 재킷 [블랙/크림],https://www.musinsa.com/app/goods/2653637?loc=goods_rank,https://image.msscdn.net/images/goods_img/20210722/2037173/2037173_16976143519631_125.jpg,무신사 스탠다드,캐주얼
3578224,[3 COLOR] 007 POCKET SHORT PUFFER JACKET,https://www.musinsa.com/app/goods/3578224?loc=goods_rank,https://image.msscdn.net/images/goods_img/20210722/2037173/2037173_16976143519631_125.jpg,예일,캐주얼
2238412,오버사이즈 멜톤 콘보이 더플 코트 네이비,https://www.musinsa.com/app/goods/2238412?loc=goods_rank,https://image.msscdn.net/images/goods_img/20210722/2037173/2037173_16976143519631_125.jpg,파르티멘토,캐주얼
3603337,PUFFER JACKET (BUTTER),https://www.musinsa.com/app/goods/3603337?loc=goods_rank,https://image.msscdn.net/images/goods_img/20210722/2037173/2037173_16976143519631_125.jpg,시눈,캐주얼
3620743,Standard Puffer Down Parka Black,https://www.musinsa.com/app/goods/3620743?loc=goods_rank,https://image.msscdn.net/images/goods_img/20210722/2037173/2037173_16976143519631_125.jpg,에스피오나지,캐주얼
3588988,S23WMGDJ54 봄버 미들 다운 자켓 Beige Gray,https://www.musinsa.com/app/goods/3588988?loc=goods_rank,https://image.msscdn.net/images/goods_img/20210722/2037173/2037173_16976143519631_125.jpg,스노우피크 어패럴,스포티
3602470,NV1DP80M 화이트라벨 여성 노벨티 눕시 다운 베스트,https://www.musinsa.com/app/goods/3602470?loc=goods_rank,https://image.msscdn.net/images/goods_img/20210722/2037173/2037173_16976143519631_125.jpg,노스페이스,스포티
2854309,오버사이즈 스웨이드 라인 무스탕 자켓 [BLACK],https://www.musinsa.com/app/goods/2854309?loc=goods_rank,https://image.msscdn.net/images/goods_img/20210722/2037173/2037173_16976143519631_125.jpg,드로우핏,미니멀
3641514,S23WMTDJ36 프로 구스 롱 다운 자켓 Black,https://www.musinsa.com/app/goods/3641514?loc=goods_rank,https://image.msscdn.net/images/goods_img/20210722/2037173/2037173_16976143519631_125.jpg,스노우피크 어패럴,스포티
3548423,울리치 발마칸 오버 코트_Midnight Blue,https://www.musinsa.com/app/goods/3548423?loc=goods_rank,https://image.msscdn.net/images/goods_img/20210722/2037173/2037173_16976143519631_125.jpg,라퍼지스토어,캐주얼
3457986,7J82077 여성 아르테 TR 미드 다운 자켓,https://www.musinsa.com/app/goods/3457986?loc=goods_rank,https://image.msscdn.net/images/goods_img/20210722/2037173/2037173_16976143519631_125.jpg,네파,스포티
3536042,[Woman] 울리치 싱글 롱 트렌치 코트_Black,https://www.musinsa.com/app/goods/3536042?loc=goods_rank,https://image.msscdn.net/images/goods_img/20210722/2037173/2037173_16976143519631_125.jpg,라퍼지 포 우먼,캐주얼
3536104,[Woman] 울리치 트렌치 맥코트_Ivory,https://www.musinsa.com/app/goods/3536104?loc=goods_rank,https://image.msscdn.net/images/goods_img/20210722/2037173/2037173_16976143519631_125.jpg,라퍼지 포 우먼,캐주얼
2744529,[DIVO] RDS 에센셜 덕다운 푸파 숏패딩_4color,https://www.musinsa.com/app/goods/2744529?loc=goods_rank,https://image.msscdn.net/images/goods_img/20210722/2037173/2037173_16976143519631_125.jpg,코드그라피,스포티
2856262,스탠다드 발마칸 울 코트_NAVY,https://www.musinsa.com/app/goods/2856262?loc=goods_rank,https://image.msscdn.net/images/goods_img/20210722/2037173/2037173_16976143519631_125.jpg,블랭크룸,미니멀
3194977,남성 파이어 코어 봄버 재킷 - 블랙 / PMJCKMC06541,https://www.musinsa.com/app/goods/3194977?loc=goods_rank,https://image.msscdn.net/images/goods_img/20210722/2037173/2037173_16976143519631_125.jpg,파라점퍼스,스포티
3578659,BB 트랙탑 - 쉐도우그린 / IN1001,https://www.musinsa.com/app/goods/3578659?loc=goods_rank,https://image.msscdn.net/images/goods_img/20210722/2037173/2037173_16976143519631_125.jpg,아디다스,스포티
2857065,MOUNTAIN DOWN PARKA_OLIVE GREEN,https://www.musinsa.com/app/goods/2857065?loc=goods_rank,https://image.msscdn.net/images/goods_img/20210722/2037173/2037173_16976143519631_125.jpg,아웃스탠딩,캐주얼
3602104,후드 벌룬 에어리 패딩_브라운,https://www.musinsa.com/app/goods/3602104?loc=goods_rank,https://image.msscdn.net/images/goods_img/20210722/2037173/2037173_16976143519631_125.jpg,코드그라피,스포티
3585227,(덕 다운)(4COLOR) 카라 숏 다운 점퍼,https://www.musinsa.com/app/goods/3585227?loc=goods_rank,https://image.msscdn.net/images/goods_img/20210722/2037173/2037173_16976143519631_125.jpg,키뮤어,캐주얼
3591542,PRIMALOFT WARM UP+ SHORT PUFFER PADDING IVORY,https://www.musinsa.com/app/goods/3591542?loc=goods_rank,https://image.msscdn.net/images/goods_img/20210722/2037173/2037173_16976143519631_125.jpg,예일,캐주얼
2804419,SNOW LEO (스노우 레오) 봄버 다운_Black,https://www.musinsa.com/app/goods/2804419?loc=goods_rank,https://image.msscdn.net/images/goods_img/20210722/2037173/2037173_16976143519631_125.jpg,다이나핏,스포티
2739130,헤비보아 CGP 더플 플리스 자켓_블랙,https://www.musinsa.com/app/goods/2739130?loc=goods_rank,https://image.msscdn.net/images/goods_img/20210722/2037173/2037173_16976143519631_125.jpg,코드그라피,스포티
3508465,여성 잇온 리버시블 버니 집업 후드 재킷 - 블랙 / M33LS652292,https://www.musinsa.com/app/goods/3508465?loc=goods_rank,https://image.msscdn.net/images/goods_img/20210722/2037173/2037173_16976143519631_125.jpg,무스너클,스포티
3638684,펜시 트위드 더블 브레스티드 코트 (블랙),https://www.musinsa.com/app/goods/3638684?loc=goods_rank,https://image.msscdn.net/images/goods_img/20210722/2037173/2037173_16976143519631_125.jpg,노이어,미니멀
3579618,퍼텍스 후드 오버핏 다운 점퍼 블랙,https://www.musinsa.com/app/goods/3579618?loc=goods_rank,https://image.msscdn.net/images/goods_img/20210722/2037173/2037173_16976143519631_125.jpg,와릿이즌,캐주얼
2985378,에비에이터 B-3 무스탕 자켓 [블랙/화이트],https://www.musinsa.com/app/goods/2985378?loc=goods_rank,https://image.msscdn.net/images/goods_img/20210722/2037173/2037173_16976143519631_125.jpg,레프트서울,미니멀
2112061,원턱 와이드 스웨트팬츠 블랙,https://www.musinsa.com/app/goods/2112061?loc=goods_rank,https://image.msscdn.net/images/goods_img/20210906/2112061/2112061_1_125.jpg,가까이 유니언즈,캐주얼
1551840,Deep One Tuck Sweat Pants [Grey],https://www.musinsa.com/app/goods/1551840?loc=goods_rank,https://image.msscdn.net/images/goods_img/20210906/2112061/2112061_1_125.jpg,제로,캐주얼
2112059,원턱 와이드 스웨트팬츠 그레이,https://www.musinsa.com/app/goods/2112059?loc=goods_rank,https://image.msscdn.net/images/goods_img/20210906/2112061/2112061_1_125.jpg,가까이 유니언즈,캐주얼
1168906,와이드 히든 밴딩 슬랙스 [블랙],https://www.musinsa.com/app/goods/1168906?loc=goods_rank,https://image.msscdn.net/images/goods_img/20210906/2112061/2112061_1_125.jpg,무신사 스탠다드,캐주얼
3539080,프론트 워싱 와이드 데님 팬츠 (DEEP GREEN),https://www.musinsa.com/app/goods/3539080?loc=goods_rank,https://image.msscdn.net/images/goods_img/20210906/2112061/2112061_1_125.jpg,트릴리온,캐주얼
2092852,(기모옵션추가) 이지 와이드 데님 팬츠 그레이,https://www.musinsa.com/app/goods/2092852?loc=goods_rank,https://image.msscdn.net/images/goods_img/20210906/2112061/2112061_1_125.jpg,굿라이프웍스,캐주얼
1551839,Deep One Tuck Sweat Pants [Black],https://www.musinsa.com/app/goods/1551839?loc=goods_rank,https://image.msscdn.net/images/goods_img/20210906/2112061/2112061_1_125.jpg,제로,캐주얼
2861160,데일리 코듀로이 밴딩 팬츠 - 4 COLOR,https://www.musinsa.com/app/goods/2861160?loc=goods_rank,https://image.msscdn.net/images/goods_img/20210906/2112061/2112061_1_125.jpg,수아레,캐주얼
3223947,원턱 와이드 스웨트 팬츠 [그레이],https://www.musinsa.com/app/goods/3223947?loc=goods_rank,https://image.msscdn.net/images/goods_img/20210906/2112061/2112061_1_125.jpg,어게인스트 올 오즈,캐주얼
1735427,[패키지] 와이드핏 트레이닝 스웨트 팬츠 - 3Color,https://www.musinsa.com/app/goods/1735427?loc=goods_rank,https://image.msscdn.net/images/goods_img/20210906/2112061/2112061_1_125.jpg,에스이에스티,캐주얼
2164653,퍼티그 벌룬 코듀로이 팬츠 MPT110 [KHAKI],https://www.musinsa.com/app/goods/2164653?loc=goods_rank,https://image.msscdn.net/images/goods_img/20210906/2112061/2112061_1_125.jpg,미니멀프로젝트,미니멀
750908,[ 기모 옵션 추가 ] 유니섹스 세미 와이드 밴딩 슬랙스,https://www.musinsa.com/app/goods/750908?loc=goods_rank,https://image.msscdn.net/images/goods_img/20210906/2112061/2112061_1_125.jpg,후러브스아트,미니멀
2183795,에센셜 세미 와이드 코듀로이 팬츠 크림,https://www.musinsa.com/app/goods/2183795?loc=goods_rank,https://image.msscdn.net/images/goods_img/20210906/2112061/2112061_1_125.jpg,굿라이프웍스,캐주얼
3223808,원턱 와이드 스웨트 팬츠 [블랙],https://www.musinsa.com/app/goods/3223808?loc=goods_rank,https://image.msscdn.net/images/goods_img/20210906/2112061/2112061_1_125.jpg,어게인스트 올 오즈,캐주얼
3438764,헤이즈 워시드 와이드 데님 팬츠 (VINTAGE INDIGO),https://www.musinsa.com/app/goods/3438764?loc=goods_rank,https://image.msscdn.net/images/goods_img/20210906/2112061/2112061_1_125.jpg,토피,캐주얼
2909027,스트럭처드 카고 골덴팬츠 (차콜),https://www.musinsa.com/app/goods/2909027?loc=goods_rank,https://image.msscdn.net/images/goods_img/20210906/2112061/2112061_1_125.jpg,어널러코드,캐주얼
3548088,TRACK SWEAT PANTS (BLACK),https://www.musinsa.com/app/goods/3548088?loc=goods_rank,https://image.msscdn.net/images/goods_img/20210906/2112061/2112061_1_125.jpg,주앙옴므,미니멀
1149329,세미 와이드 히든 밴딩 슬랙스 [블랙],https://www.musinsa.com/app/goods/1149329?loc=goods_rank,https://image.msscdn.net/images/goods_img/20210906/2112061/2112061_1_125.jpg,무신사 스탠다드,캐주얼
3171863,스크레치 데님팬츠 KMLP6686,https://www.musinsa.com/app/goods/3171863?loc=goods_rank,https://image.msscdn.net/images/goods_img/20210906/2112061/2112061_1_125.jpg,에즈카톤,스트릿
1672471,(기모) 유니섹스 세미 와이드 밴딩 슬랙스 겨울 2PACK,https://www.musinsa.com/app/goods/1672471?loc=goods_rank,https://image.msscdn.net/images/goods_img/20210906/2112061/2112061_1_125.jpg,후러브스아트,미니멀
1370101,[FW원단] Wide String Cargo Slacks Pants Black,https://www.musinsa.com/app/goods/1370101?loc=goods_rank,https://image.msscdn.net/images/goods_img/20210906/2112061/2112061_1_125.jpg,낫포너드,캐주얼
3106260,가먼트 다잉 카고 데님 팬츠 (KHAKI),https://www.musinsa.com/app/goods/3106260?loc=goods_rank,https://image.msscdn.net/images/goods_img/20210906/2112061/2112061_1_125.jpg,토피,캐주얼
1717388,(기모) 유니섹스 세미 와이드 밴딩 슬랙스 겨울 그레이 / 블랙,https://www.musinsa.com/app/goods/1717388?loc=goods_rank,https://image.msscdn.net/images/goods_img/20210906/2112061/2112061_1_125.jpg,후러브스아트,미니멀
2351467,바이오스톤 워싱 와이드 데님 팬츠 (BLUE GRAY),https://www.musinsa.com/app/goods/2351467?loc=goods_rank,https://image.msscdn.net/images/goods_img/20210906/2112061/2112061_1_125.jpg,트릴리온,캐주얼
3467190,와이드 데님 팬츠 [그레이],https://www.musinsa.com/app/goods/3467190?loc=goods_rank,https://image.msscdn.net/images/goods_img/20210906/2112061/2112061_1_125.jpg,어게인스트 올 오즈,캐주얼
2863352,에센셜 세미 와이드 코듀로이 팬츠 브라운,https://www.musinsa.com/app/goods/2863352?loc=goods_rank,https://image.msscdn.net/images/goods_img/20210906/2112061/2112061_1_125.jpg,굿라이프웍스,캐주얼
1552753,1967 JET BLACK JEANS [WIDE STRAIGHT],https://www.musinsa.com/app/goods/1552753?loc=goods_rank,https://image.msscdn.net/images/goods_img/20210906/2112061/2112061_1_125.jpg,브랜디드,미니멀
2092849,(기모옵션추가) 이지 와이드 데님 팬츠 블랙,https://www.musinsa.com/app/goods/2092849?loc=goods_rank,https://image.msscdn.net/images/goods_img/20210906/2112061/2112061_1_125.jpg,굿라이프웍스,캐주얼
2578996,[겨울원단추가]더블턱 와이드 슬랙스[블랙],https://www.musinsa.com/app/goods/2578996?loc=goods_rank,https://image.msscdn.net/images/goods_img/20210906/2112061/2112061_1_125.jpg,시그니처,미니멀
2479939,BUCKLE WIDE DENIM PANTS GREY,https://www.musinsa.com/app/goods/2479939?loc=goods_rank,https://image.msscdn.net/images/goods_img/20210906/2112061/2112061_1_125.jpg,어반드레스,캐주얼
3467143,와이드 데님 팬츠 [미디엄 블루],https://www.musinsa.com/app/goods/3467143?loc=goods_rank,https://image.msscdn.net/images/goods_img/20210906/2112061/2112061_1_125.jpg,어게인스트 올 오즈,캐주얼
3440017,(기모옵션추가) 이지 와이드 데님 팬츠 빈티지 워시드 블루,https://www.musinsa.com/app/goods/3440017?loc=goods_rank,https://image.msscdn.net/images/goods_img/20210906/2112061/2112061_1_125.jpg,굿라이프웍스,캐주얼
3043508,XP138 파스텔 데님 카고 팬츠 (PINK),https://www.musinsa.com/app/goods/3043508?loc=goods_rank,https://image.msscdn.net/images/goods_img/20210906/2112061/2112061_1_125.jpg,엑스톤즈,스트릿
3684065,남성 다운 조거 팬츠,https://www.musinsa.com/app/goods/3684065?loc=goods_rank,https://image.msscdn.net/images/goods_img/20210906/2112061/2112061_1_125.jpg,데상트 골프,스포티
3461111,사이드 턱 스냅 버튼 와이드 데님 팬츠 (BLUE GRAY),https://www.musinsa.com/app/goods/3461111?loc=goods_rank,https://image.msscdn.net/images/goods_img/20210906/2112061/2112061_1_125.jpg,트릴리온,캐주얼
1736085,[패키지] [기모선택] 와이드핏 트레이닝 스웨트 팬츠,https://www.musinsa.com/app/goods/1736085?loc=goods_rank,https://image.msscdn.net/images/goods_img/20210906/2112061/2112061_1_125.jpg,브렌슨,캐주얼
2708877,(기모옵션추가) 투턱 와이드 슬랙스 블랙,https://www.musinsa.com/app/goods/2708877?loc=goods_rank,https://image.msscdn.net/images/goods_img/20210906/2112061/2112061_1_125.jpg,굿라이프웍스,캐주얼
2749153,듀러블 롱 벌룬 팬츠 (인디고),https://www.musinsa.com/app/goods/2749153?loc=goods_rank,https://image.msscdn.net/images/goods_img/20210906/2112061/2112061_1_125.jpg,어반스터프,캐주얼
2842654,[패키지] 크로플 코듀로이 와이드팬츠 2PACK MJLP7618,https://www.musinsa.com/app/goods/2842654?loc=goods_rank,https://image.msscdn.net/images/goods_img/20210906/2112061/2112061_1_125.jpg,더블유브이프로젝트,캐주얼
1149328,테이퍼드 히든 밴딩 크롭 슬랙스 [블랙],https://www.musinsa.com/app/goods/1149328?loc=goods_rank,https://image.msscdn.net/images/goods_img/20210906/2112061/2112061_1_125.jpg,무신사 스탠다드,캐주얼
2173772,INDIGO RAW SEMI WIDE,https://www.musinsa.com/app/goods/2173772?loc=goods_rank,https://image.msscdn.net/images/goods_img/20210906/2112061/2112061_1_125.jpg,86로드,미니멀
1168907,테이퍼드 히든 밴딩 10부 슬랙스 [블랙],https://www.musinsa.com/app/goods/1168907?loc=goods_rank,https://image.msscdn.net/images/goods_img/20210906/2112061/2112061_1_125.jpg,무신사 스탠다드,캐주얼
2131950,와이드 데님 팬츠 (R.BLACK),https://www.musinsa.com/app/goods/2131950?loc=goods_rank,https://image.msscdn.net/images/goods_img/20210906/2112061/2112061_1_125.jpg,토피,캐주얼
3467738,원턱 카고 스트링 스웨트 팬츠 [그레이],https://www.musinsa.com/app/goods/3467738?loc=goods_rank,https://image.msscdn.net/images/goods_img/20210906/2112061/2112061_1_125.jpg,어게인스트 올 오즈,캐주얼
2028326,스트레이트 데님 팬츠 [크림],https://www.musinsa.com/app/goods/2028326?loc=goods_rank,https://image.msscdn.net/images/goods_img/20210906/2112061/2112061_1_125.jpg,무신사 스탠다드,캐주얼
3124492,프론트 워싱 와이드 데님 팬츠 (NORMAL BLACK),https://www.musinsa.com/app/goods/3124492?loc=goods_rank,https://image.msscdn.net/images/goods_img/20210906/2112061/2112061_1_125.jpg,트릴리온,캐주얼
3516256,제스트 카펜터 데님팬츠 빈티지블루 KMLP6731,https://www.musinsa.com/app/goods/3516256?loc=goods_rank,https://image.msscdn.net/images/goods_img/20210906/2112061/2112061_1_125.jpg,에즈카톤,스트릿
1844582,[기모선택] 원턱 와이드 트레이닝 팬츠,https://www.musinsa.com/app/goods/1844582?loc=goods_rank,https://image.msscdn.net/images/goods_img/20210906/2112061/2112061_1_125.jpg,브렌슨,캐주얼
3642581,파라슈트 카고 리벳 데님 팬츠 (BLACK),https://www.musinsa.com/app/goods/3642581?loc=goods_rank,https://image.msscdn.net/images/goods_img/20210906/2112061/2112061_1_125.jpg,트릴리온,캐주얼
2477843,리사이클 원 턱 릴렉스드 테이퍼드 히든 밴딩 크롭 슬랙스 [블랙],https://www.musinsa.com/app/goods/2477843?loc=goods_rank,https://image.msscdn.net/images/goods_img/20210906/2112061/2112061_1_125.jpg,무신사 스탠다드,캐주얼
2081268,[2장 세트] 에센셜 세미 와이드 스웨트팬츠 (3color),https://www.musinsa.com/app/goods/2081268?loc=goods_rank,https://image.msscdn.net/images/goods_img/20210906/2112061/2112061_1_125.jpg,피아네르,캐주얼
3224169,원턱 와이드 스웨트 팬츠 [화이트 멜란지],https://www.musinsa.com/app/goods/3224169?loc=goods_rank,https://image.msscdn.net/images/goods_img/20210906/2112061/2112061_1_125.jpg,어게인스트 올 오즈,캐주얼
3095384,원턱 와이드 스웨트 카고팬츠 카키,https://www.musinsa.com/app/goods/3095384?loc=goods_rank,https://image.msscdn.net/images/goods_img/20210906/2112061/2112061_1_125.jpg,가까이 유니언즈,캐주얼
2032901,릴렉스드 테이퍼드 히든 밴딩 크롭 슬랙스 [블랙],https://www.musinsa.com/app/goods/2032901?loc=goods_rank,https://image.msscdn.net/images/goods_img/20210906/2112061/2112061_1_125.jpg,무신사 스탠다드,캐주얼
3663072,모어 와이드 데님 팬츠 (WASHED RAW BLACK),https://www.musinsa.com/app/goods/3663072?loc=goods_rank,https://image.msscdn.net/images/goods_img/20210906/2112061/2112061_1_125.jpg,토피,캐주얼
1666443,와이드 데님 팬츠 [크림],https://www.musinsa.com/app/goods/1666443?loc=goods_rank,https://image.msscdn.net/images/goods_img/20210906/2112061/2112061_1_125.jpg,무신사 스탠다드,캐주얼
2490102,REAL WIDE ONE TUCK DENIM BROWN / WIDE,https://www.musinsa.com/app/goods/2490102?loc=goods_rank,https://image.msscdn.net/images/goods_img/20210906/2112061/2112061_1_125.jpg,86로드,미니멀
2762709,우먼즈 기모 릴렉스드 라운지 스웨트 팬츠 [블랙],https://www.musinsa.com/app/goods/2762709?loc=goods_rank,https://image.msscdn.net/images/goods_img/20210906/2112061/2112061_1_125.jpg,무신사 스탠다드,캐주얼
2723714,[4COLOR] 파라슈트 팬츠,https://www.musinsa.com/app/goods/2723714?loc=goods_rank,https://image.msscdn.net/images/goods_img/20210906/2112061/2112061_1_125.jpg,감마갤러리,스트릿
890521,유스 와이드 카고팬츠 4종 블랙 YHLP2159,https://www.musinsa.com/app/goods/890521?loc=goods_rank,https://image.msscdn.net/images/goods_img/20210906/2112061/2112061_1_125.jpg,제멋,캐주얼
890338,와이드 데님 팬츠 (DEEP GREY),https://www.musinsa.com/app/goods/890338?loc=goods_rank,https://image.msscdn.net/images/goods_img/20210906/2112061/2112061_1_125.jpg,토피,캐주얼
3467226,와이드 데님 팬츠 [블랙],https://www.musinsa.com/app/goods/3467226?loc=goods_rank,https://image.msscdn.net/images/goods_img/20210906/2112061/2112061_1_125.jpg,어게인스트 올 오즈,캐주얼
2993417,파이어버드 트랙 팬츠 - 블랙 / IA6329,https://www.musinsa.com/app/goods/2993417?loc=goods_rank,https://image.msscdn.net/images/goods_img/20210906/2112061/2112061_1_125.jpg,아디다스,스포티
3003317,LOT.023 캘리포니안 와이드 라이트 인디고,https://www.musinsa.com/app/goods/3003317?loc=goods_rank,https://image.msscdn.net/images/goods_img/20210906/2112061/2112061_1_125.jpg,데밀,캐주얼
3206724,Extra Wide Balloon Pants - Black,https://www.musinsa.com/app/goods/3206724?loc=goods_rank,https://image.msscdn.net/images/goods_img/20210906/2112061/2112061_1_125.jpg,낫포너드,캐주얼
3511768,WOOL STRIPE MARTIN PANTS (2 COLORS),https://www.musinsa.com/app/goods/3511768?loc=goods_rank,https://image.msscdn.net/images/goods_img/20210906/2112061/2112061_1_125.jpg,아모멘토,캐주얼
1224095,세미 와이드 히든 밴딩 슬랙스 [미디엄 그레이],https://www.musinsa.com/app/goods/1224095?loc=goods_rank,https://image.msscdn.net/images/goods_img/20210906/2112061/2112061_1_125.jpg,무신사 스탠다드,캐주얼
2184087,Banding One Tuck Wide Denim Pants - Deep Blue,https://www.musinsa.com/app/goods/2184087?loc=goods_rank,https://image.msscdn.net/images/goods_img/20210906/2112061/2112061_1_125.jpg,낫포너드,캐주얼
2737165,(기모옵션추가) 와이드 워시드 카고 데님 팬츠 블랙,https://www.musinsa.com/app/goods/2737165?loc=goods_rank,https://image.msscdn.net/images/goods_img/20210906/2112061/2112061_1_125.jpg,굿라이프웍스,캐주얼
3443300,트레이닝 핀턱 와이드 팬츠 3colors,https://www.musinsa.com/app/goods/3443300?loc=goods_rank,https://image.msscdn.net/images/goods_img/20210906/2112061/2112061_1_125.jpg,라이크더모스트,캐주얼
3316313,옐로우 워싱 와이드 데님팬츠 인디고 SOLP2503,https://www.musinsa.com/app/goods/3316313?loc=goods_rank,https://image.msscdn.net/images/goods_img/20210906/2112061/2112061_1_125.jpg,제멋,캐주얼
2998236,미드웨일 코듀로이 와이드 팬츠 8종 브라운 SJLP1382,https://www.musinsa.com/app/goods/2998236?loc=goods_rank,https://image.msscdn.net/images/goods_img/20210906/2112061/2112061_1_125.jpg,페플,캐주얼
3308929,[패키지] 릴렉스 핏 스웨트 트레이닝 팬츠 3_STYLE 2PACK,https://www.musinsa.com/app/goods/3308929?loc=goods_rank,https://image.msscdn.net/images/goods_img/20210906/2112061/2112061_1_125.jpg,어게인스트 올 오즈,캐주얼
1698784,51006 HISHITOMO COLLECTION BLACK JEANS [RELAX STRAIGHT],https://www.musinsa.com/app/goods/1698784?loc=goods_rank,https://image.msscdn.net/images/goods_img/20210906/2112061/2112061_1_125.jpg,브랜디드,미니멀
2709015,(기모옵션추가) 이지 와이드 데님 팬츠 딥블랙,https://www.musinsa.com/app/goods/2709015?loc=goods_rank,https://image.msscdn.net/images/goods_img/20210906/2112061/2112061_1_125.jpg,굿라이프웍스,캐주얼
3440430,항아리퀼팅 밴딩 와이드 패딩팬츠 10 COLOR COOSPT219,https://www.musinsa.com/app/goods/3440430?loc=goods_rank,https://image.msscdn.net/images/goods_img/20210906/2112061/2112061_1_125.jpg,커스텀어클락,미니멀
3652512,디스트레스드 레더 트라우져 - 블랙,https://www.musinsa.com/app/goods/3652512?loc=goods_rank,https://image.msscdn.net/images/goods_img/20210906/2112061/2112061_1_125.jpg,배드블러드,스트릿
3488124,Destroyed Denim Pants Brushed Indigo,https://www.musinsa.com/app/goods/3488124?loc=goods_rank,https://image.msscdn.net/images/goods_img/20210906/2112061/2112061_1_125.jpg,스컬프터,스트릿
3641293,ADILENIUM 데님 카고 팬츠 - 스카이블루 / IV9344,https://www.musinsa.com/app/goods/3641293?loc=goods_rank,https://image.msscdn.net/images/goods_img/20210906/2112061/2112061_1_125.jpg,아디다스,스포티
3095387,원턱 와이드 스웨트 카고팬츠 블랙,https://www.musinsa.com/app/goods/3095387?loc=goods_rank,https://image.msscdn.net/images/goods_img/20210906/2112061/2112061_1_125.jpg,가까이 유니언즈,캐주얼
3154647,[드로우핏X깡스타일리스트] 투턱 밴딩 와이드 슬랙스 [BLACK],https://www.musinsa.com/app/goods/3154647?loc=goods_rank,https://image.msscdn.net/images/goods_img/20210906/2112061/2112061_1_125.jpg,드로우핏,미니멀
2007390,테이퍼드 크롭 데님 팬츠 [미디엄 인디고],https://www.musinsa.com/app/goods/2007390?loc=goods_rank,https://image.msscdn.net/images/goods_img/20210906/2112061/2112061_1_125.jpg,무신사 스탠다드,캐주얼
3199288,공용 칠렉스 폭스 패치 클래식 조거 팬츠 - 블랙 / IU01308KM0001P199,https://www.musinsa.com/app/goods/3199288?loc=goods_rank,https://image.msscdn.net/images/goods_img/20210906/2112061/2112061_1_125.jpg,메종 키츠네,미니멀
2119984,와이드 밴딩 치노 팬츠 [BEIGE],https://www.musinsa.com/app/goods/2119984?loc=goods_rank,https://image.msscdn.net/images/goods_img/20210906/2112061/2112061_1_125.jpg,드로우핏,미니멀
3046178,DOUBLE TUCK TAB PANTS,https://www.musinsa.com/app/goods/3046178?loc=goods_rank,https://image.msscdn.net/images/goods_img/20210906/2112061/2112061_1_125.jpg,메종미네드,스트릿
3439084,[기모 선택 가능] 더블 사이드 라인 트랙 버티컬 팬츠 (BROWN),https://www.musinsa.com/app/goods/3439084?loc=goods_rank,https://image.msscdn.net/images/goods_img/20210906/2112061/2112061_1_125.jpg,토피,캐주얼
2184088,Banding One Tuck Wide Denim Pants - Black,https://www.musinsa.com/app/goods/2184088?loc=goods_rank,https://image.msscdn.net/images/goods_img/20210906/2112061/2112061_1_125.jpg,낫포너드,캐주얼
3445384,NBMLD31013 / UNI 에센셜 조거팬츠 (Standard Fit) (BLACK),https://www.musinsa.com/app/goods/3445384?loc=goods_rank,https://image.msscdn.net/images/goods_img/20210906/2112061/2112061_1_125.jpg,뉴발란스,스포티
2173773,MID BLUE SEMI WIDE,https://www.musinsa.com/app/goods/2173773?loc=goods_rank,https://image.msscdn.net/images/goods_img/20210906/2112061/2112061_1_125.jpg,86로드,미니멀
3434923,XP178 스타 데미지 빈티지 워싱 데님 팬츠 (BLACK),https://www.musinsa.com/app/goods/3434923?loc=goods_rank,https://image.msscdn.net/images/goods_img/20210906/2112061/2112061_1_125.jpg,엑스톤즈,스트릿